Username,Approval,Twitter link,Followers,ETH address,Payout 1
trinaldao,✓,https://twitter.com/trinalDAO,9931,0x79cc002Bb4d5823A62b9F712B51C22F6Ee4AA136,100 MVT
Xakki777,✓,https://twitter.com/m9_chuk,6813,0x2d2c27b5a0ae884f976dba8b1af113ed81e28279,100 MVT
bebekangsoo,✓,https://twitter.com/bebek_angso,47.6K,0xEDCCe309786ABd21DC45B1086EC748fdF382BF23,100 MVT
zauna35,✓,https://twitter.com/TZhauna,6303,0xc3A6f32C13D1400Ff5CDc5Bffd07A29268b7ba3B,100 MVT
sangkler11,✓,https://twitter.com/fazilatua1,5349,0x4E57Be62199b97505E40D62aeB3A6227157C80Cb,100 MVT
kohanvn,✓,https://twitter.com/honganhkiet1,6832,0xdfD2DAD4445b721Ea28BbEC5d9CA486A067A8454,100 MVT
plsxa,✓,https://twitter.com/plxsa,1355,0x1DA60663d48A368757683C2A54Fd65f0135fc5D4,60 MVT
Swopon,✓,https://twitter.com/Swoponrs,3668,0x89756A63fc68644c54B807b08EBfE902fF6238C3,80 MVT
Majharul Saiif,✓,https://twitter.com/crypto_anik,3660,0xFf8f48E8EFB97FFebc6413566463d135006FAbB1,80 MVT
user0000001,✓,https://twitter.com/ashipka99,5793,0x7F7cD082A08823e88b7935A79860513841c4e65F,100 MVT
eugeney,✓,https://twitter.com/eugeneym,8439,0xeBc95BC7925D5B6995e12c77a50D3F12FA2c73f5,100 MVT
koang,✓,https://twitter.com/y_ana76,1007,0xCdD33f58cf447f861AF8b55e79b20df38FF855fA,60 MVT
misterj,✓,https://twitter.com/jay_valeska,2075,0x0Dafa634CE682E56b3131eAca32BA6d29389ce05,80 MVT
MustCoins,✓,https://twitter.com/mustcoins,204,0xE15d0EA59101A403317aCB8eA6A308921267d9d3,20 MVT
joniboini,✓,https://twitter.com/bimoardhianto,5203,0x98431802E341318D06763d2C4BE5Bbd9EEaF1EbF,100 MVT
macit800,✓,https://twitter.com/quotemasterer,4212,0xD3E86478bF653C77f83737d831d1003ed447958c,80 MVT
G.Butrik,✓,https://twitter.com/GButrik,12.7K,0x67E7e452a8671eFecb9284c483dE75C3fF1f02A9,100 MVT
lablab03,✓,https://twitter.com/lablab033,957,0x8eb8abef74614f02fd099064da8d51043a194e44,40 MVT
Zveresk,✓,https://twitter.com/zveresk,6746,0x19f9f7090b45780E6B242825Fcd53c7f83B56026,100 MVT
malu2121,✓,https://twitter.com/Malu2121Malu,2909,0xD937ED8360a761Bbde1f3371AD1922138d2B284B,80 MVT
Catch-22,✓,https://twitter.com/nilda921,992,0x5382511B4D09BA5901fe35Fb46A9cA2C28aec684,40 MVT
Webberson,✓,https://twitter.com/webberson77,1669,0x0Cf1cacCcf67E8127919887a13CF7329EF24Fc2E,60 MVT
CryptoMax2018,✓,https://twitter.com/world_crypto,914,0xd82E1c1a63Fadc1164c38d7504822322CdF29f63,40 MVT
hitscan,✓,https://twitter.com/alex_hitscan,1135,0xD9ff8572B2E986D9F7EF7E8D305B391F1117e64c,60 MVT
Singwala,✓,https://twitter.com/cepedajohnrey,1307,0xD3f364E04cc4CFdb65059d09e082e429B40aacdd,60 MVT
Alatab,✓,https://twitter.com/AlbertRavilevic,868,0x9F0d3d25F1B2C07873E7B215f9Cf2eac942B660C,40 MVT
Jayrmalakas,✓,https://twitter.com/tamon_jayr,980,0x48edc230D7E25CE1220723F29EC03Bb95Fd81aF2,40 MVT
oemar bakrie,✓,https://twitter.com/arip3anggoro,1413,0xe4c4DC082abD55A65Ca30e949240Cb384Ef229b4,60 MVT
Patmille,✓,https://twitter.com/EmmanSimbulan,2136,0x2fCf0959B7F16BD5c0dD47bCEd2C42Bf30acDe5D,80 MVT
hdqt22,✓,https://twitter.com/hdqt90,2669,0x717970ab88Ec1D7b149B9e5ea652e5Cd2B087bA7,80 MVT
doktor1897,✓,https://twitter.com/fitra_alpier,2952,0x8f3DD21c9334980030bA95c37565ba25Df9574cd,80 MVT
Misha991,✓,https://twitter.com/MarcGrotewold,12.8K,0x18c59bF190236E1C62574c18046a5a14fB4D2D70,100 MVT
sepa,✓,https://twitter.com/sepa777777,2674,0xECAC9a0A90E09B4cd215406384FA5623Be861165,80 MVT
naufals4,✓,https://twitter.com/naufal2604,10.8K,0x5d933a6Bc8d95144F7171FCB5A4E330D168fC569,100 MVT
annango,✓,https://twitter.com/BigEtherB,5131,0xCb12Aee059991560a9e56493d4549F6cAeEEfc13,100 MVT
nurularesyi1995,✓,https://twitter.com/CugAgen,2011,0x46af7550A9Fe96A6b77Bd851B83495183ca5d531,80 MVT
SH@KE,✓,https://twitter.com/sergey_breus,4922,0xf8f22607A7EeDE3BFF799d165F1ed164f36c5E75,80 MVT
Mackenzie,✓,https://twitter.com/sheryl_tenoso,1030,0xc22aAc13B40392e4572615B0c4EfB0B4D70B9c93,60 MVT
LeaderAMB,✓,https://twitter.com/LisaBE_Friends,658,0x4ea98fe9a79cf5d44156dfaa28a7c89c84cd26d5,40 MVT
StarKay,✓,https://twitter.com/StarKay3,2070,0x3eb87202d5f67F9e3fd0aBe3c0F2c26fc7eE3A8F,80 MVT
jondel,✓,https://twitter.com/hepideis,1852,0x5f45C17245E71396668E3a85f0B17102F4D07B6b,60 MVT
SerjiGrey,✓,https://twitter.com/lambcalita1983,5286,0xe647Aed221a12fdf8d955d6156e6e041BB2190F0,100 MVT
imyashir,✓,https://twitter.com/imyashir21,1122,0xba5940750e625Fc862FA99C88943ea1C6183cf2a,60 MVT
NakiRR,✓,https://twitter.com/HackedHamster,5213,0x9AEcD66Ccbe84620f959cdf0AB94b07A3439e282,100 MVT
BazilOK,✓,https://twitter.com/mantana0001,2149,0x0e4ad8029b466478a2e371db43a807a4bdb07a11,80 MVT
InvestICO2L,✓,https://twitter.com/LindseyBitcoin,3370,0x2f56cba20E501f5D3B3a1F9aED9503c155cadC23,80 MVT
2emotion,✓,https://twitter.com/botai1102,7236,0x7Ef88FF92d465554E3215deAd33e32746D6abc0A,100 MVT
Laga08,✓,https://twitter.com/malbitrix,6646,0x4daFa3c40Be41AffB5363962d39E1C34861cB014,100 MVT
andy0074,✓,https://twitter.com/rIsnamjah,18.2K,0xf27E4fe36B28FBd1E9bE5A9393a76C9d93Bd3F42,100 MVT
Adv Tahmina,✓,https://twitter.com/TahminaAdv,745,0xbec24320eBF058225714959fEC84f641121beBfF,40 MVT
Swenna,✓,https://twitter.com/MaePizarra,998,0x73f1754927A094015d7F8487dD6d4283dB8f4C62,40 MVT
captain_blood,✓,https://twitter.com/captain_blood1,680,0x0f36f5b57c5fa6075994f8c2b99e736be0df2ee2,40 MVT
iamMhew,✓,https://twitter.com/mheowth,1316,0x0D6577f934E2aC97F88E70Fb7e698984fC947382,60 MVT
Dimonhamon,✓,https://twitter.com/dimadenys1,3767,0x97Ab56a283c2d269Aa2DF2ea271e3D621399cEDd,80 MVT
Shafiqul Islam,✓,https://twitter.com/BountyKing1,6476,0x4069a447Cd5B50306c23d9b5854B7c4Ab86e17C0,100 MVT
Sihab76,✓,https://twitter.com/riadrifat420,5614,0xB272b656C1930682cC9C8945f95C656c7Ebc323C,100 MVT
Rana590,✓,https://twitter.com/RanaChaklader5,6391,0x64553266633d3bc470c843C23e60EEDd38c8D5DB,100 MVT
robin96,✓,https://twitter.com/neeraj321996,1437,0x467a1C29179252fe7e8e3Ed75571A58EE0542336,60 MVT
shishir khan,✓,https://twitter.com/shadathossion41,10.6K,0x261ba9D5216C2ec26fdFb30C37C27bD0b34C61D4,100 MVT
erlynoliver,✓,https://twitter.com/erlynoliver,1213,0x06639DD122c7271b38EB938eF0A6aEa0253a0d6E,60 MVT
Mamun74,✓,https://twitter.com/BTCMaster1,6568,0xCD7CCCE79Ee9096fa23B365B0E6DE1f6950f906E,100 MVT
Nilda,✓,https://twitter.com/jowell2002,645,0xD28D4b7199C51c74446e19444a347A688FAe96e6,40 MVT
IrenNTA,✓,https://twitter.com/Iren_Tertychnay,5861,0x6586ddF4A8dC7002FF78a2c78dfd0a68db9c1C4d,100 MVT
asha18,✓,https://twitter.com/Ashleyjulia18,3061,0x2C6184C8f4869D3f139aEEAC4DbA7d4E971c5fDB,80 MVT
Lexs163,✓,https://twitter.com/spaces55544,4658,0x3439Ea50eD00e9Ba69D195eb0B5b403b3ba5FbA2,80 MVT
Onika84,✓,https://twitter.com/erfanmaulida,2969,0x400E2B1817d020094d090FEaff754fC49058B173,80 MVT
lembang,✓,https://twitter.com/theelders78,508,0xE90B78355521aA070EeF673e17bab49a465f5F5d,40 MVT
Ripti,✓,https://twitter.com/Ripti77,3239,0xc8f4537BBAC4F5b31243Dc050DB990A9826E0d3D,80 MVT
ianoen,✓,https://twitter.com/lutovsky89,2709,0x5bE397294b4861f450110Ac395A42fE77b4a0322,80 MVT
ferdaus,✓,https://twitter.com/Queenasha18,3130,0x0F33D9508D22A55eA8790c2B5993225f540eD91B,80 MVT
travelgear17,✓,https://twitter.com/farjana1155,2001,0x8217606b2b80d7Cf85823f02E176f5E7423093Ef,80 MVT
ankit10,✓,https://twitter.com/mishraritz,535,0xffb9a31520965ee021d634af67ea2ac6a1606bf3,40 MVT
chamika888,✓,https://twitter.com/chamika888,3200,0x696e26d899CE028b6e231c071E4AccF61F90efe7,80 MVT
hridoyb,✓,https://twitter.com/bitcoinloves,3388,0xAa98F058eee6494F4a154B4C2c281b19Ed6773cE,80 MVT
blozo,✓,https://twitter.com/BlozoBrazo,1714,0x75345839505969d776e78E39a06DCf51639C7Ce6,60 MVT
mithon2017,✓,https://twitter.com/mithonhossain9,2184,0x0662a05D29341120e46616cDCfa76c923D3Dd1A6,80 MVT
ktea666,✓,https://twitter.com/yohsa88,17.2K,0x1163DB994586f5a6eA5B40de105b8b45FF78a689,100 MVT
Richard_1,✓,https://twitter.com/Richmon_1,13.7K,0xe38Bf41d25C21b411C406822f4eC682753E3a8b5,100 MVT
Frank76,✓,https://twitter.com/bit_world_wide,13.1K,0xF38a53b1bE4F3FB9431CE6F4a2b893a6353C2EfC,100 MVT
reinz12,✓,https://twitter.com/reinz1202,7830,0xd96586582e11e169A2a5986769C04D0201C92d7B,100 MVT
Tahsin Kabir Kollol,✓,https://twitter.com/KollolKabir,9423,0x09dACf37a3f7B2A7a4ebe941A959827dc735f9F3,10 MVT
A.H.Rassel,✓,https://twitter.com/cryptotraderbd,8965,0x3B1e89f91934C78772b9CBC486650681Fc965394,100 MVT
Mehedi72,✓,https://twitter.com/Mehedihassanm72,5111,0x3fe5Bc220C03431b7F94deDdfE248ea5723B75C3,100 MVT
witcher_sense,✓,https://twitter.com/CryptoWitcher,2214,0xA83C3d90b13A3947035D2Bd10f049dB5E5dde3ae,80 MVT
Serega Smile,✓,https://twitter.com/SOHEuiCV21ixhCU,511,0x6990dE9A681B19FEB9AF2E6B4327508A4Cab73c7,40 MVT
Nazmul012,✓,https://twitter.com/ImNazmul012,5376,0xb77d36a19c4abEE671E01C881563038A50EA5470,100 MVT
VuLDK,✓,https://twitter.com/Phanvudeptrai,4086,0x5d02f92F8fA37c9Bb580ea39Fca8f756d96C7ffC,80 MVT
ha_ham_bk,✓,https://twitter.com/Lekhanhvupro,2754,0x0afBe4dE9BD91B0b4c580DB5e605E0cE0115B3B8,80 MVT
CuDoCuDau,✓,https://twitter.com/HuHi20886803,2748,0xf21aa78d778451190D9E1372A9531cb6A2F60980,80 MVT
nilbtc4555,✓,https://twitter.com/nilbtc4555,4021,0x9a63A1A886560E613E1346D602969A4Fcc853657,80 MVT
sohel436290,✓,https://twitter.com/sohel436290,2300,0x1B28C374F18E4E57189f8A153Aa5E53EF184f207,80 MVT
alexrums,✓,https://twitter.com/faraon_m,8487,0xa6d16a0B43E1F5f604917d17B92f3878B0c517c6,100 MVT
Crasengover,✓,https://twitter.com/ATertyichnyiy,7470,0xBbE18dfd758ffB3a2acBCbb215e351E59176F63e,100 MVT
yourcatsofat,✓,https://twitter.com/pandochka_vinni,9987,0xf7C8D0cA768080105330d9De4f0F96B001ff7a55,100 MVT
bumbazaka,✓,https://twitter.com/wilsonrob393,7744,0x3a6A43EAC5648Ec6817C20F27e52542f1d3E5CDb,100 MVT
topchiiy86,✓,https://twitter.com/Iolanna86,6737,0xe408F784458eA8BECF9F12872eA78f10e06cfBA8,100 MVT
Barrett11111,✓,https://twitter.com/barrett11111,2091,0xDc5f87F5e7F637bF36F4457FB43Aa7bcc2E6959a,80 MVT
HunterBTC,✓,https://twitter.com/HunterBTC1,1043,0xec4F9Ab31204A832088BEb9044d1999bba2799aa,60 MVT
Irwanto,✓,https://twitter.com/Irwan04775318,1440,0x7977C8A2e02676d5087BF333Bf588b93e216744f,60 MVT
stork83,✓,https://twitter.com/Stork80148854,6113,0xA6152ec2FAE5658eBF1Be400c13A706598190693,100 MVT
poketis22,✓,https://twitter.com/lera_kvit_,4524,0x4DC9c141eeEE5c54300878500A718E0a8012c078,80 MVT
denis180680,✓,https://twitter.com/denis180680,3134,0xf0E7b122a6BF9010Cd8695B7864D0873610f0a63,80 MVT
SonaraBeta,*,https://twitter.com/karinavlasova25,2525,0x1D7D86460B94fd9771443309E106Fb7E56DA2Ba3,
filipe3x,*,https://twitter.com/d1version1988,5620,0x29d6D6D84c9662486198667B5a9fbda3E698b23f,
dimox,✓,https://twitter.com/_dimox,6117,0xAdf714d7d6Ad6A5E0CcfA0000066B243cAD92d0D,100 MVT
Brindez_kromo,✓,https://twitter.com/brindez_kromo,2600,0xe9592bF60B26923Dc1782b1B901162cB88683749,80 MVT
Dimid,✓,https://twitter.com/DimidDimidov,3875,0x4d41fb6bAc936938F03C3cef33D77ED1889320c5,80 MVT
CryptoGirl.y,✓,https://twitter.com/Cryptogirl_Y,3723,0x192A2C9aE6Fc9a04BB696dBf547E695E8B8EE235,80 MVT
dhydra2,✓,https://twitter.com/dhydra2,13.8K,0x261062464f08FFFABA1d37C7879E041e73ca1E01,100 MVT
neya,✓,https://twitter.com/Marjo160407,775,0xd1ECEBa1a6FCd42d574B2652c00F01c02F6634cd,40 MVT
crypto1coinbtc,✓,https://twitter.com/crypto1coin,939,0xaEb57fb98328dA975FEB1Cd8A550379e94e01A0d,40 MVT
azguard,✓,https://twitter.com/lojba,1112,0xeE8656191D57Ad45e4b14347174c914A60916A89,60 MVT
bredhead,✓,https://twitter.com/cryptocoindaddy,58,0x8f1012369bDe76108aC01eb20Ea694EC7b8a1D1D,10 MVT
yenes,✓,https://twitter.com/yenes93,639,0x09ce9bbF01633F581295c0ea9eECF6b71325e08E,40 MVT
elttonchuks,✓,https://twitter.com/elttonchuks,2379,0x6CEE3ab846ef305EF33837C843457Ec5438fb5F2,80 MVT
heyfiner99,✓,https://twitter.com/hash278,7564,0x865E42B454b5E12569D6C2ee4a917558Af33A91e,100 MVT
ricky007,✓,https://twitter.com/ricky_zien,100,0x20B362baB7893A851dB08d020582F512f73FF5d7,10 MVT
bvoriue,✓,https://twitter.com/ipermana84,3109,0x975624de549cEb32f5E429E28bAe7a1d12F68bbd,80 MVT
Vladimirych,*,https://twitter.com/RiVovich,6104,0xa9F24c5B1B30E66b10ca4d72d41166E778260E01,
sharkboyno2,✓,https://twitter.com/sharkboyno2,2784,0xC9CC4064E83c3aEC97FFA0De2FEcC14E055DC76f,80 MVT
vardan100,✓,https://twitter.com/gariik100,1641,0xc841ebe00BE00878923E888F8148fF05697D4259,60 MVT
063Myxa,✓,https://twitter.com/MaxcSmit,1386,0x4F8C61113D119977067A0CF1A254576423bf5c9c,60 MVT
I_Zaperevalnya,*,https://twitter.com/I_Zaperevalnaya,6642,0x058dfCDB62C93a5f78e8C5D162911f46269aDB4c,
goku19,✓,https://twitter.com/mishra1994u,773,0x5f0b8ab22e02183c7be679d6e826a7e1c084c7e5,40 MVT
acha1217,✓,https://twitter.com/acha_marsya1,1124,0x787cefE5939e4E61a246c311C66CE3fa7000926b,60 MVT
yeamin.rsl,*,https://twitter.com/Yeamin_rasel,5344,0x457B51593eC1b835D3451BFbF7f6211bb655fddC,
adelcastelo,✓,https://twitter.com/adelcastelo,427,0xB0Aa480167279D7D668551F83006Bb96d6C43841,20 MVT
Alvaro Mag,*,https://twitter.com/2agrum,5122,0xEaafE7E981D42AAE040B8d18369Da29Ce91b0929,
clavirda,✓,https://twitter.com/roman_sd_lord,6204,0x4Edb0b4fDb1B69D4e60537AEEf5BA145ac25b2db,100 MVT
coinlocket$,*,https://twitter.com/TheLocketto,4077,0xc2DF7E228C5F4651005Ae1AEB6F443e64920893B,
marcellus,*,https://twitter.com/EgitoShintaro,3330,0x972270CDd6E6EB09db5F8B6A749c324EE26C6C30,
Helter_Skelter,✓,https://twitter.com/maken1113,9267,0x802E0B9d831e22fb903DF3175e59Fd3E129B9aED,100 MVT
risatrakib,*,https://twitter.com/Risat07,7370,0x26B98dF7B4c76Cd1FAce76cde5F7bCdAE6aE4abd,
yan.s.var,*,https://twitter.com/nwnl_ru,4300,0x5B7860653Db65EfF61296f95e3e9C79A5BF3Fdec,
alexdencoin,*,https://twitter.com/slojno,5652,0x5790096C22396a5D30ddD17bf497FD9ECAA720C3,
savv,*,https://twitter.com/sav_sna,8934,0x99e022d429eaA6776fc8883C6b1c425bf157FB04,
markovi4mark,*,https://twitter.com/markovi4mark,6686,0x394534A3f8148e82fA928e9Bd21aBd11be210931,
cosmicintegral7,✓,https://twitter.com/cosmicintegral7,592,0x7720444C1C9488AaB0251Ec9bbB14C8Fa31776E6,40 MVT
idhasitha2009,✓,https://twitter.com/idhasitha,13.1K,0x40D485823462eE907aAC99c60eA0F5b814732A7D,
golems,*,https://twitter.com/nataliiorlova,6141,0xC7CF00CED1bF841974dcf8b48803648DBa5e6282,
fluger,*,https://twitter.com/svetsav37,6054,0x6efd70386ab0296426aAD653c190A7fE6e935Bad,
shushu9977,✓,https://twitter.com/Shushu9977,6351,0x7b7Ae547CA4589929F3501f03FB5b799142B7DC1,100 MVT
faust666,*,https://twitter.com/Breus777,4586,0x40fb4cb64B25B38CDeFf9e1E4f9b83572C2a55fE,
Dr_Nefario,*,https://twitter.com/DrNefarioCoins,2549,0xfCbD8Cd2aC4c69651bc2B3d845FD5C56AF8d2ED9,
mankeekv,*,https://twitter.com/mankeekv1,5919,0x5D3Ba5dB35F772a39B31495eef872A573DFe5A65,
TonyLukarelly87,*,https://twitter.com/TonySeferovich,5816,0x892C669072D41EB6A4133e56725133b116c8A332,
TeLlMeFrY,*,https://twitter.com/By_Claus,2869,0xF87a1Ec63d6Ca97109c0292C69b3C0E5a38435dA,
Dmitry_K,✓,https://twitter.com/kdn26,5192,0xcFb0A86f1A6eaBbe9ca7E0C58E16fc54cbBb2860,100 MVT
Vipercps,✓,https://twitter.com/Denismarcura,2361,0x856d02DE9e072339D005bf6D056375b79aD55B5B,80 MVT
blacktrader,✓,https://twitter.com/SolnechnyjAlex,1461,0xE659b76B2fd82B921771fFE33408d4F4359bA61B,
mworker,*,https://twitter.com/mdibrah09315043,3437,0x56cc8cD2d60089aa6871982927ffACc7E32eDf2D,
smutexar,*,https://twitter.com/novgorodcev_a,5422,0x089Ef777cF31B1cBa2f59222858a5C9Bbf5Fec3D,
Ninellechka,*,https://twitter.com/Sky_in_February,2568,0x970F7795EAC3E855DDf2e6b8765e463787640579,
_Flynn_,*,https://twitter.com/v_fadeev97,1950,0x6fB5E5A4F0AbD3D9076d7b4a416E1250c4639f7A,
Timoha999,*,https://twitter.com/Batenko85,5758,0x593cb13b5bBCB2Ba8456aA15cda4c96418373faA,
VolgaSmart,*,https://twitter.com/VolgaSmart,4689,0x59deB9de8CA74F35F3ccB8eBA5e7Fe6F65329De3,
andrey111,*,https://twitter.com/fisherhaus,6925,0x93F75bC6F0C749e3808365311a0335655444a92F,
Snowfang,*,https://twitter.com/Sn0wfang90,3670,0x32E1ac4aA6ABf9545862e01F87370c9431762F87,
anastasia2211,*,https://twitter.com/Anastasia22114,5550,0xD72785F41242F29f86239e9a42B4d48a18F84039,
ReDmiR,✓,https://twitter.com/comcompass2,321,0x41B80591751aC64d8c5Ff043586eA7A5bfB8323E,20 MVT
valik777,*,https://twitter.com/kyptsummer,6343,0x3509b264280CECA4BBCE3A2FDeEf89a5EE04915A,
vakeswork,*,https://twitter.com/angelanatalina8,6537,0x2b894f682c84A160F110C2417bdF2A945B90D6A4,
xenport,✓,https://twitter.com/Btcfather,1729,0xb2334c49fd0f82c3E38511528b8d4d82ec274431,60 MVT
Vladlenius,✓,https://twitter.com/Vladlen_ru,2513,0x4e43Bd395AEc801f13cDdaE06532Cc52c0DaF9D0,80 MVT
toffio,✓,https://twitter.com/toff_io,2005,0x699a6B9a5D776f7FEd9D9b408c41DDb9750B5C6E,
tpalazzorossi,✓,https://twitter.com/CryptoManager20,998,0x0E75957381A81787070ec87a4aBBeC40Bf132914,40 MVT
Aleksey1985,✓,https://twitter.com/2man0ff,9393,0xfA2B2F7cA73FeF1ab863c7fe236E522C081f8Ff9,100 MVT
Diller5,✓,https://twitter.com/videoviknet,1293,0x3E4e3DA1278CeECDf77ef4b4290BddEb7Efd88d0,60 MVT
Fayamba,✓,https://twitter.com/MBanks133,2560,0x01D2fFD2D9621225D3918b3b8B4c1bE5D4853418,80 MVT
Kena Banned,✓,https://www.twitter.com/kena_bitcoin,757,0x70C0aD4cDee3fFF66a417519732DE20B462E6e73,40 MVT
hari9981,✓,https://www.twitter.com/hari9981,1609,0xB2DDA5A7b9e11CC5Fb183334cf633cc30958162f,60 MVT
lemyke88,*,https://twitter.com/lemyke88,1240,0x63A5E9e6d1feC306e937999D96A2FFF042a0d126,
Epaper,✓,https://www.twitter.com/epaper_01,43.4K,0xB2F78F0CCe026C302A1f048Db315a459f43fa567,100 MVT
andthereyou,✓,https://twitter.com/andthereyou,7132,0x894425cD90C63c4E42d14a0EfC6B67972ca93685,100 MVT
Meta anggraini,✓,https://www.twitter.com/metaanggraini23,18K,0x740b1C1129fC2d4155f373bfE26219107CE05C08,
Klaud07,✓,https://twitter.com/Klaud_07,6193,0xC27ba127100cE61719352B8f95E568b3aa657441,100 MVT
sky9314,✓,https://twitter.com/sky_9314,2223,0xF372e020d37fd06A85096510Dba408Dec00f19E3,80 MVT
Dauxay,*,https://twitter.com/Toxakep73,5997,0xa4532aE4f0cF54459E7F654fa6b3cC3aC7dB8262,
fabskie21,*,https://twitter.com/buzzfox21,2841,0x34D0a0DE98E0de684E92FFe0A856b9A725D5df1C,
sksaddam,✓,https://twitter.com/sk_saddam12,3565,0xCB9352cF5DCc70B3ABc8099102c2319A6619aCA4,80 MVT
saprin,✓,https://twitter.com/king_bitcointal,3225,0x375776cA1C138dc97a6c26fcd7DB833654EB849e,80 MVT
Encelad,*,https://twitter.com/_FireAnt,8770,0x34861adcbA68d9FC627B9986705d9AA3ABE5Ec43,
blue08,✓,https://twitter.com/jrfriolo,1561,0xA0212B8dF4fC19a1e1a322cBCB5b4c2CA9FC1A89,60 MVT
Artillery69,✓,https://twitter.com/Fif_Kurniawan_,1522,0xF918e2c7b8D363De8491D193A32af6654B2cFcEA,60 MVT
yaelahwall,✓,https://twitter.com/aw_9514,6021,0xbDC74F90F735aD59117debA18c6F14419D7acc14,100 MVT
suvo05,*,https://twitter.com/mindsoul_body,2569,0x5d8e551d3a0aa244fd767d776b4c96d945303813,
rajon,✓,https://twitter.com/rajonho40681803,1994,0x0dc5A6e76BE5518dd482e52d96d180cee8bDF2bc,60 MVT
andreashane10,✓,https://twitter.com/andrio1010,1200,0x5EF186fCa5cB809FD66fFef171517A8631879eF2,60 MVT
Jordanuttos,*,https://twitter.com/meremkulovEV,6027,0x1e646d62cF9AfD1c348BD5c68a5647c6A2f360c9,80 MVT
sendoxoxo,✓,https://twitter.com/Candraaac,953,0x82C1Fb9f0CcB8D4643480c1E6c81aE06e8b054e8,40 MVT
Starlaaa87,*,https://twitter.com/Starl1nk,2319,0x0A8223852ce225eA5656bEc7Eb8a071208dA866D,40 MVT
Maykl,*,https://twitter.com/rus21mix,7047,0x07a0EdCe1280357ad2D1fa3dABd134A1eCd30aB4,
agusiska,*,https://twitter.com/agus36yusuf,3284,0x5ECD85A0e5334C2f0d52ccd1B60b5aA2D9D9CCBa,
Hanebel,✓,https://twitter.com/hanneebear,2143,0xFB26b00ebE371168c67b7E65dc406b1e3a4F6d36,80 MVT
tempe3penyet,✓,https://twitter.com/RHarisfahreza,1102,0x6aE70C7c2fbf9b1c35BCa5247f58c0B920cDD62D,60 MVT
Guddini,*,https://twitter.com/Mikhail75009804,3852,0x1D7c75F283ACDc6EC9346a2C20C56991562739DA,
KittoKatto,✓,https://twitter.com/HPrilnawata15,1613,0x9AD6a4d4655C393e592D5bB81Ff0BeAB54ef74DD,60 MVT
angaper,*,https://twitter.com/angaper1,2304,0x9362a2486afebb6F4a0FC07A813D380318D36C1e,
baijit20,✓,https://twitter.com/baijithosen20,3357,0xb302D395e1D028bEbbF16793462E2178B1414615,80 MVT
Dexit,✓,https://twitter.com/wishlessmea,10.3K,0xa8D335CBCb083e426D8086E1C73046f36Bd12936,100 MVT
kolpher001,✓,https://twitter.com/bitkolpher,11K,0x8E66B32b67bB34771cc42876d1C60abECFCEf1d4,100 MVT
rakzzmadu,✓,https://twitter.com/MalakaMadushan7,3627,0x53E5Cd872E3EAEB1baeaF2b3EE4E794CD414C01c,80 MVT
investgarant,✓,https://twitter.com/investgarantbtc,4118,0x72a5b7Fc75DC27f9Da2748373b07a883896411f3,80 MVT
Lucifereya,✓,https://twitter.com/DamithLakshitha,4521,0x6de8F6D2f7E2CD5A28cB582a94a94CE8Fd46f93c,80 MVT
timof05,*,https://twitter.com/vip_kinderzp_ki,2424,0x7DCd67DaADB890E29E281Fe8C2Ce1C0f0a072261,
koalagalle75,✓,https://twitter.com/nadeelaksha,2433,0x951aab573722eFA67Ac6C0335396D205d35b7c13,80 MVT
mace15,*,https://twitter.com/ladybitecoin,4521,0x8C64766fd6632F56EC5845B714cA8c7DF760Ffa0,
ROMANALADIN,✓,https://twitter.com/Kozyreva123,4707,0xCDAdC39a1C2e4fe0A5FA7c8194a16e036d54c3C0,80 MVT
ferry168,✓,https://twitter.com/GalantFerry,1389,0x9BDbEb5F6E59dd471Bc296B97266D3Ee634B7c7e,60 MVT
yeezycheezy,✓,https://twitter.com/Janmanuel022,1377,0xBF563617546a332458C03D16c4b1fEBD8aC54eA1,60 MVT
tikanurqaidah,✓,https://twitter.com/NurqaidahTika,1242,0x5e226D89Ac30B07a7682CdB5F8F56783a3b89Be1,60 MVT
DannyBOfficial,✓,https://twitter.com/DanilBOfficial,10.2K,0x92844ad0530580F3ecc459f7B203a1853027bD01,100 MVT
peacetokenerc20,✓,https://twitter.com/umiridwan8,1073,0xaC1c30b43F32A2183525C6A63B7f658cf4e59Ab7,60 MVT
Arvilaine,*,https://twitter.com/Viking_xD,6122,0x247366D165cFc042358657290B20585934009b60,
umkavrr,*,https://twitter.com/jeny_stinson,9868,0xACF58a350Bf9e32c6143D2Dd2b03fB6281FE774B,
IvanK,*,https://twitter.com/K_Ivan_K,3871,0x8136d90abc97ba2cf7284471009c433df888248b,
Reality18,✓,https://twitter.com/OAppeagyei,835,0xb64A319C1B332135d142E18A6F052b00257cdc83,40 MVT
belkkka,✓,https://twitter.com/belkkka_29,2941,0xaCCaB7eC5339cd01BDee61330747A49FcF54f528,80 MVT
RedGoblin,*,https://twitter.com/adsmaster2013,11.5K,0xD9b01f8EF6F9cBADE1ee6D27510F56D9BA699213,
arafat1209,✓,https://twitter.com/Bitcoin1209,4775,0x7D9f9532a1215f5b4ca12B80dD38C5Fe99828423,80 MVT
Sacred,*,https://twitter.com/DiniHikayecom,7237,0x459BfBFaeF4b36a09CBb220804195A45d40b3ce3,
kilwaXX,✓,https://twitter.com/kilwaXX,67,0x2B823494Cf3a7a7e76465cCd76BA760a9f4E3852,10 MVT
hyipinvestor,*,https://twitter.com/95Kiselevich,5663,0xF07B1A986c0908282Cb50770010206cd9cB5F7fB,
altsMlk,✓,https://twitter.com/malinda_LK,5005,0x1A3913CABE85598f6C4c0A32634CA1179E31170d,100 MVT
zuzuca,✓,https://twitter.com/zuzuca18,1869,0xeF5125025B8593E3D486BD68f344c836182688c1,60 MVT
MarioBitcoin,*,https://twitter.com/MarioBitcoin,2630,0x15a599f3ea7f112F834F8e85e9741AA0422DE7Ae,
BountHunter2,✓,https://twitter.com/BountHunter2,1563,0x052e21449649F88a9224EDA786da84C7B5Ec2B87,60 MVT
majestymage,✓,https://twitter.com/majestymage17,78,0xcfdfbb126314c0d0c9d4e4bee24dd01ac972a7ee,10 MVT
CryptoRobert,✓,https://twitter.com/Crypto_Robert,1595,0xbc98d797A76b0923664eB99aC96CE995d21A4fC5,60 MVT
WizardCount,*,https://twitter.com/AntonWS6,1019,0x746a2f60b539966b2cf85a05d0396329c6f0e55f,
zarintasnim,✓,https://twitter.com/jobdream07,1733,0x5F3034c41fE8548A0B8718622679A7A1B1d990a2,60 MVT
xpashtetx,*,https://twitter.com/papajohnsxxx,4128,0x201a3db2aff1cb148daf421338828738763820aa,
aloja0001,✓,https://twitter.com/AlfonsoBalingit,979,0x040BDBfA7Bb8b08af5E6866C1efc3d7E4a2859E6,40 MVT
mey466,✓,https://twitter.com/WantiBastian66,570,0x007130E80Aa5659eD21B211BF0116F6b6b23a7b5,40 MVT
cryptobr4in,✓,https://twitter.com/cryptobr4in,9731,0x37211D7B13D6367be5768491b33aB61A684aA157,100 MVT
kirianua,✓,https://twitter.com/1aacQlScMDWTO6f,788,0xcAd97839cd62dE405ED9D68bC7b3C258482DB069,40 MVT
BeggarInCryptos,*,https://twitter.com/InBeggar,5421,0xFF5Ff22Fc45C46dFf0b439397895fA3A623593D0,
QpeepBounties,*,https://twitter.com/POStoken_Wizard,1575,0x5871e82F7750Fd03A57C1D99687d681906c29775,
QueenOfCrypto,*,https://twitter.com/Queen_Of_Crypto,6404,0x17cC339601c1d26b6b86438A124d58AcEef28E16,
JesusCryptos,*,https://twitter.com/Jesus_Crypt,2790,0xB9892aFB89fb4B11E5Fb7A7e3AeA88e4ca0CFFc4,
sisca1992,✓,https://twitter.com/ShemSisca,729,0x075847F1E30CdA26b2bF0461F29466c058794d67,40 MVT
ccsang,✓,https://twitter.com/ccsang,2979,0xDF7d8e7f0556820593aBA352fA860Fe8711f0c9f,80 MVT
jhamz03,*,https://twitter.com/jhamz_astian,4442,0xc8a63923E3dB73e1fEB6EF6b706F3A5879c8B592,
SkiOlya,✓,https://twitter.com/SkiOlya,3280,0x480F32C25ECE568136EdF714C9F6aBa206a09775,80 MVT
Estrath,✓,https://twitter.com/cryptoannouncer,10.9K,0xbDD32071e6ECF2aF21ba26e9Ea32201042089498,100 MVT
PolyPanto,*,https://twitter.com/PolyPanto,12.3K,0xcdEe29281A9F3df42ba2a59B938Ee9B53B894225,
inviser93,*,https://twitter.com/asminviser,12.9K,0xA31F4D553C2dd8f9d40AAB2C3FC801E67342d17E,
tommy.investcoins,✓,https://twitter.com/GamityCore,2459,0x594b444Aafd829Bc614f9F3cB67a1E0F5d7D6C91,80 MVT
cryptorom1,*,https://twitter.com/criptorom,1812,0x0B31BA0EC15f9abEC12AA394181C94C6801adfcB,
PavelMed,*,https://twitter.com/Pavelgenna,6529,0x2c525A7c7FfD75C815bb22747562AE5235A846FA,
mysacrifice,✓,https://twitter.com/cakmak_okan,3911,0x7Ca4eFf02cfdcb8D871e11130DDf58586A853bef,40 MVT
cryptoquality,✓,https://twitter.com/CryptoQuality,3150,0xd581675bdbd8be8565c30279A7d96Bd7439f79bB,40 MVT
btcdepo,✓,https://twitter.com/enverdemirtr,5279,0x63e1f12A095235644fc393366ae03fAFB33503f0,50 MVT
cryptolerant,✓,https://twitter.com/cryptolerant,5683,0x78bCdC284147DdBf766ABaA996a5635D4f3B2699,50 MVT
Braydean,✓,https://twitter.com/Cryptolover7,564,0xE5E218454fA14665F13b859D56ef03d2013dE36b,20 MVT
techte7,✓,https://twitter.com/chalbinov3,1550,0x96DD358018dF477C88F281008B0A59c5f510e073,30 MVT
andra-ierma,✓,https://twitter.com/HendraKholis,831,0xe4DcB24dC1b05722530F033aD812E851b62Cc0aA,20 MVT
ridha inoue,✓,https://twitter.com/ridha_inoue,2464,0x4039cf7ce9c501c630098c5E2d43A296a1944BD4,40 MVT
vitvert,*,https://twitter.com/vitvert,6450,0x98e1ea694DbbEa59F283A37EAF295eCAbc55AB6b,
Immor108,✓,https://twitter.com/dongle_14,8375,0x56D18AEf3Ff077826dD50c68cef9ddC84a6827ee,50 MVT
ebay1990,✓,https://twitter.com/ThaiHa710,1749,0x5305e5BA7A960384DA8b37e77e04deB1A625c5ef,30 MVT
kim93,✓,https://twitter.com/kimaa_123,20K,0x042dA61394Ee92c610Ed9C64C2f0F7f473f04593,50 MVT
scaramanga1337,✓,https://twitter.com/scaramangaa1337,2604,0xd6C1Dd6c71f5e80284d07Cd6d84C8841C06bfA21,40 MVT
amilaGR,✓,https://twitter.com/AmilaGayanR,2035,0xcf2d8370006e7FbF86758A1bf91dc933fe909BFB,40 MVT
ayeaye87,✓,https://twitter.com/Alsakmicom,17.2K,0xB3588924cEd6527a4911a465d48CA244E57f63E1,50 MVT
galateya,✓,https://twitter.com/Clarity_28,5327,0xac3327DA2c123c7F9AA64003a72C5548B01FB0ee,50 MVT
garbus,✓,https://twitter.com/AlbyAna6,1955,0xf6CA045f64b676CbBcE85f2176E76075bdDc5d4d,30 MVT
veter2601,✓,https://twitter.com/veter2601,2628,0x19cd3473bafd2a3cade12262a73be21e02a50490,40 MVT
Ekolog,*,https://twitter.com/ekolog20013,2410,0x55e4F07a8181924b0C27D2b689825126f99d5107,
crydevil_crypto,*,https://twitter.com/Jurij_Leonow,1037,0xc1088A0B5E9542D6Cb633a16e581Dfa90135E09D,
she_death,✓,https://twitter.com/she_death,1077,0xD04367465c4081019C1337c93bfE54C8fd527747,30 MVT
seyola89,✓,https://twitter.com/Seyola9,1956,0x7d334D22F5BcDED7aC7219ec537C7d5448Bd1E4C,30 MVT
ashyboss,✓,https://twitter.com/Ashyboss,730,0x8B9EC1A252A0CA07AB835Fb647434A2CB15c80a1,20 MVT
mokter,*,https://twitter.com/Cryptoking93,6382,0x6b68040cf1f356ca08D758B34FE462dDf90547B9,
@ngelcryptopia,✓,https://twitter.com/angelcryptopia,968,0x5878Bfc4eACA57acC601395b81Fb163014F3c47D,20 MVT
ramilvale,*,https://twitter.com/ramilvale,722,0xBA9D1078c7A8CCCDac915D82Ef87B15498037Ade,
EinWert,*,https://twitter.com/EinWert,6266,0x87763AA0D9455675386936006780C6D75411af27,
harmony225,✓,https://twitter.com/harmony225z,3103,0xfE4fc46f6aEf9545A5f8C56d7C83F558c8321C05,40 MVT
sadirmrida,✓,https://www.twitter.com/SadirMrida1,1700,0xE625f8E9549C356a101898E000B19c106e76e600,30 MVT
adiwibowosakti,✓,https://twitter.com/jamur_tiram_,2481,0x057007D3DDd33Ee9F1f08f72EB79259F9B29789D,40 MVT
esquire042,✓,https://twitter.com/isiaku2003,751,0xfDB12C86E03963d61B35697Bc02FD46C1E0c6F18,20 MVT
Kinsuche,✓,https://twitter.com/Errrgh_,597,0x013487DAcA45d3c6872c612415C3Ab546F04Eb32,20 MVT
vinjan,*,https://twitter.com/yudiwilia,3183,0xd213f7Af57f8034f415D990Da387E95c51b89958,
Pollaco,✓,https://twitter.com/Sviontek,10.9,0x1CC9F33bf026936648CF749A51Dea65c623a7952,50 MVT
Kamu_Patek,✓,https://twitter.com/Hamidun14621388,1137,0x8Ac1Ab825917F4431306e4960D20Da3465A2f4eA,30 MVT
french_andrey,*,https://twitter.com/liamacuri1980,7987,0x1D2e86ABE74792c06cDF8EB9190e512e3fE39A8f,
Kayum10029,✓,https://twitter.com/MdKayumUddin2,7150,0xAcaf1E5B0517F6041DBeE97C0FA982d6F6476fFF,50 MVT
K.R.A.S.S,*,https://twitter.com/ilinyxas5d,5147,0xf8F19e0c47DAf2BBd55B729414c9C8759d5EB9b9,
ICO__HUNT,*,https://twitter.com/ICO__HUNT,1001,0x9Fe466658D6164f1F2b561F02B62308d78315c31,
Andrew1709,*,https://twitter.com/dre1709,11.5K,0x62F970B4d6bB5f1172B9f00Ca54Bddafe0784207,
Sollaes,✓,https://twitter.com/Vinart1972,3056,0xAEd2E75Ec8bfB23efE7C5aEAfdd2ba0D576d091e,40 MVT
eye4bd,✓,https://twitter.com/Eye4bd,1247,0x5Cfe303601B458D56Fb0fA51BCF94E457Ca23AA2,30 MVT
Hasiviraj,*,https://twitter.com/Hasiviraj,1543,0x34C4c8f443c02eDb758F65A8C2b644C1004Da8e7,
helin9108,✓,https://twitter.com/hcp2606,2091,0xf98729F1dA77c604B0B7d72d94881813eC501f3a,40 MVT
Diller5,✓,https://twitter.com/videoviknet,1298,0x3E4e3DA1278CeECDf77ef4b4290BddEb7Efd88d0,30 MVT
alexeylom,*,https://twitter.com/alexseylisenko1,4333,0x3f2EA04448FAE3A7202aA5d7eE106D9faeA4099B,
p3ppymon,*,https://twitter.com/p3ppymon,1798,0xCe1e22F11c985aF8cF474F1003413CC9048F9f17,
btcgainer24724,*,https://twitter.com/nilmegh12,3342,0xb5865a24321e13aa23f8b68a330a019d7751f178,
cryptocollecter55,*,https://twitter.com/altlover1997,2562,0x9C1Be6C33127fd0748644900cA34b155Ac5223B3,
BlackRock,✓,https://twitter.com/cryptosle,4304,0x468a9D320D1F92f616eba0f6b98Aa005e8172C4E,
BM0ney,✓,https://twitter.com/AndreeaVentel,3349,0x67EF2602F28350f58C2162C7fD778399829ce296,40 MVT
Natasha17,*,https://twitter.com/Natashatwo,4508,0xC83439cE3fF11657DBaEd1a12B033093DEfaEE89,
buxrmp,✓,https://twitter.com/buxrmp,6156,0x5772E242f50B189cD370bd257FF5CFa3c29fb0A3,50 MVT
yinoye,✓,https://twitter.com/orlerzoupour,845,0x3C293e985EE8ce465D981D1FF14b7ee692375dF9,20 MVT
greenco,*,https://twitter.com/greencopt,10.8K,0xc2c9652319c054b3EF5f0435420ad66c3722ecbf,
m. yasir,✓,https://twitter.com/Rudaal31,1107,0x9833Cc784cD4752553AdCD1C0D3E2c16176f1778,30 MVT
imesh4you,✓,https://twitter.com/cryptolion4you,9756,0x34D89dfCdF532DC7A431994e69A5631fB5A45aCE,50 MVT
forlexx,*,https://twitter.com/forlexx,6496,0xFb6BFF51675C7fCc4a3bcceB556a00F6e51c69f4,
bavicrypto,✓,https://twitter.com/bavicrypto,9953,0x9397561e651D89C30d337b10d1052a6e2a7f093B,50 MVT
dusa01,✓,https://twitter.com/cryptomyworld,9708,0x86478BF979E0722EdC1c4C935e1fF5AdaB43e6eF,50 MVT
crpyto_aze,✓,https://twitter.com/Herc2017,1714,0x55b13d8bAc0d598310753f23920a30DAF9d4DECa,30 MVT
rincoeng1986,✓,https://twitter.com/Fika55849354,3384,0x659f48309FA1e4649C950EDAC80BB3b98Bffe6d2,40 MVT
Nakata121,*,https://twitter.com/Sucy212,2934,0x12690B874E14a18B22a7D520dD244D16f5A47d43,
Thanushka47,*,https://twitter.com/KevinEsky,1526,0x03973C30f8f1A62debD39009ed9092bd5bE76eB2,
kaconk,✓,https://twitter.com/devilofdeath69,2990,0x614B27A78BF8b23DaFe2A67aa12D3Fb0cEB63AC8,40 MVT
taki182,*,https://twitter.com/_taki183,1106,0x74b369c89c173f9ea1bc454f68a07a6d1fc2444a,
rubikz,✓,https://twitter.com/b_cafe33,1218,0xD17f52399b65115bFc6e60a2e835a53fe1bacB88,30 MVT
Mauzzer,*,https://twitter.com/EssekerCoin,5481,0xcc887127D931450a1D031215f09671859757F838,
D_Olgunchik,✓,https://twitter.com/D_Olgunchik,1715,0xF32745DCD91Ba79eB994fbE044CF3d019c6C7FbB,30 MVT
Harrisonimo,✓,https://twitter.com/ohiozoba30,2136,0x5A872D0a7E9cA502E79b54dd24890c4DBdB54D42,40 MVT
AmonkShark,✓,https://twitter.com/AmonkShark,584,0xb01ED849a9f602cb01b62A5072d79182bc230f20,20 MVT
DarkHuntero,✓,https://twitter.com/DarkHuntero,5148,0xDcD0BD25b3553F7CBf32832B224E56aE78B4f72a,50 MVT
vladlvo,*,https://twitter.com/conressmurving1,1289,0xfD9E608D18dE83286C848eC23F7C91BB7491a463,
hero2spin,✓,http://twitter.com/hero2spin,1269,0x57256Fd23E45aF50d429880742D844C142AbB9Fa,30 MVT
DemLom,*,https://twitter.com/NastiaLs,3833,0x6EF30A2D02fd9E0E9343aEdc8b4165875C86FdF5,
tony__montana,✓,https://twitter.com/tony_montana113,8906,0x0a8790504554b9FBa11e0Ec7601226D9D2B5FEE7,50 MVT
norfolk88,*,https://twitter.com/elen_maxi,2248,0x86ABE9228002B5CBaE6D7b7cfe06B29ef861f24C,
DeeplyTan,✓,https://twitter.com/DeeplyTan,4193,0x2ca53FA824dF915f570Dc4a8949B8c352D73FCa9,40 MVT
acheampong64,✓,https://twitter.com/kwabeedat,2621,0x02F15247044C0B03596E49a56d129bB9AD257eE7,40 MVT
rizkyfebrian213xx,✓,https://twitter.com/RizkyF_404,5203,0xd8378e970284a80d20636b51f58673ecd077343b,50 MVT
hilarypolar,✓,https://twitter.com/Cryptopolar,10.7K,0x733e2cc2eb5d918e908535128105b72d1f244e6c,50 MVT
pedangrusak,✓,https://twitter.com/vandejoe2,1690,0xf4e01f7d67d18B7b6A01DF8c5bdC4aFc1bFF59b9,30 MVT
yitzjoe,✓,https://twitter.com/yitzjoe2,1393,0xeaF58FD9a102a39Ed3398112bCC1A6e3D1Ab287C,30 MVT
oleg17,*,https://twitter.com/Oleh78166119,7064,0x994D4C1CF2635F59a66A585F04f2ebbb106D43Ba,
Kamayulka78,✓,https://twitter.com/Kamayulka78,7701,0xe8390101E46409269C056697Ba60Fd260A97ce15,50 MVT
Susu_Gedde,✓,https://twitter.com/Arif50451074,2176,0x0a13A094477a7C83C6339C2F5fDa4daa8F2cF956,40 MVT
IeSua,✓,https://twitter.com/ie_sua,2932,0x323AE9ac68A76fdFf4bB99aFB36b20aEE16A02cf,40 MVT
josephpogi,*,https://twitter.com/monicamanalast2,5441,0xc6E6F5fce7Fee313a159D6BAad3209Ee4c027969,
euronine897,✓,https://twitter.com/SObeysekara,2117,0x93C02D733d42fa7Ac36dF84D8285dAe770890e8f,40 MVT
citylane211,✓,https://twitter.com/7121990CHATHURA,3769,0xfF90d4946fDc2Ffa2608345d10e17CCFa063A662,40 MVT
lego17,*,https://twitter.com/Leo88754932,5619,0xe2Be3a0E3736104300fb0dc9E46Bf3D5417A31b9,
